 bfactor	 atoms
24	43.11000061035156
25	35.790000915527344
26	27.229999542236328
27	22.459999084472656
28	16.989999771118164
29	16.190000534057617
30	17.809999465942383
30	17.959999084472656
31	20.239999771118164
32	22.1200008392334
33	21.6299991607666
34	20.079999923706055
35	21.950000762939453
36	21.690000534057617
37	22.270000457763672
38	24.440000534057617
39	25.31999969482422
40	27.360000610351562
41	32.33000183105469
42	34.470001220703125
43	36.369998931884766
44	38.310001373291016
44	38.08000183105469
45	41.7599983215332
46	47.380001068115234
47	51.38999938964844
48	50.540000915527344
49	46.459999084472656
50	40.099998474121094
51	30.200000762939453
52	25.739999771118164
53	24.639999389648438
54	19.639999389648438
55	16.290000915527344
56	14.760000228881836
57	13.760000228881836
58	14.789999961853027
59	15.59000015258789
60	16.510000228881836
61	17.06999969482422
62	16.75
63	18.780000686645508
64	21.299999237060547
65	22.979999542236328
66	21.530000686645508
67	20.309999465942383
68	25.690000534057617
69	31.829999923706055
70	30.739999771118164
70	31.09000015258789
71	31.8700008392334
23	47.5099983215332
24	38.7599983215332
25	29.90999984741211
26	22.010000228881836
27	22.3799991607666
28	21.420000076293945
29	20.110000610351562
30	19.709999084472656
31	19.510000228881836
32	18.049999237060547
33	17.790000915527344
34	18.780000686645508
35	18.280000686645508
36	17.170000076293945
37	16.93000030517578
38	19.75
39	19.06999969482422
40	20.600000381469727
41	21.600000381469727
42	24.68000030517578
43	28.030000686645508
44	32.7400016784668
45	38.54999923706055
46	46.2400016784668
47	50.959999084472656
48	49.61000061035156
49	44.599998474121094
50	36.09000015258789
51	26.670000076293945
52	23.8700008392334
52	23.690000534057617
53	22.510000228881836
54	18.59000015258789
55	17.959999084472656
55	18.209999084472656
56	19.969999313354492
57	18.6299991607666
58	16.200000762939453
59	18.399999618530273
59	19.690000534057617
60	22.389999389648438
60	22.690000534057617
61	20.56999969482422
62	19.6299991607666
63	22.030000686645508
64	27.190000534057617
65	24.809999465942383
66	22.610000610351562
67	28.149999618530273
68	36.849998474121094
69	49.599998474121094
70	56.689998626708984
71	60.869998931884766
